ID,Y1,Y2,Y3,Y4,Y5,SY4,SY5
1,189.6453365,209.8580711,1220.607337,4,1,1.16921026,1.136786877
2,157.5630918,354.5650166,1177.57572,2,0,-0.329777253,-0.878792692
3,231.7862624,12.34074796,1299.462371,5,1,1.918704016,1.136786877
4,14.64051837,850.6138709,651.6858277,1,1,-1.079271009,1.136786877
5,68.45758713,528.2307966,1148.919875,1,1,-1.079271009,1.136786877
6,219.4126449,238.5701051,1119.576443,1,1,-1.079271009,1.136786877
7,183.3868288,125.8822729,1472.671043,4,0,1.16921026,-0.878792692
8,19.87656685,914.1076056,549.5690933,1,0,-1.079271009,-0.878792692
9,105.7554634,425.014427,975.7437324,2,0,-0.329777253,-0.878792692
10,3.295811357,951.3013266,869.5960287,1,1,-1.079271009,1.136786877
11,105.8791322,386.9307403,848.9037898,2,0,-0.329777253,-0.878792692
12,53.35611532,80.17882295,1411.679651,1,0,-1.079271009,-0.878792692
13,12.31292088,450.9823706,786.4949246,2,0,-0.329777253,-0.878792692
14,5.034482001,973.4279594,646.5006697,1,0,-1.079271009,-0.878792692
15,53.29154588,119.9295971,1184.986759,5,1,1.918704016,1.136786877
16,42.27441284,765.2524493,800.8467634,1,0,-1.079271009,-0.878792692
17,139.3168582,340.8091085,1063.91336,4,0,1.16921026,-0.878792692
18,3.469584767,971.7205134,490.3326852,1,1,-1.079271009,1.136786877
19,72.69022762,439.1177796,917.2690306,2,1,-0.329777253,1.136786877
20,79.95189647,728.4135063,865.4964514,1,1,-1.079271009,1.136786877
21,366.4610326,229.8697211,1162.574054,3,1,0.419716504,1.136786877
22,12.22458438,390.5694867,1039.074153,5,1,1.918704016,1.136786877
23,114.2300856,140.5017986,1045.956627,3,0,0.419716504,-0.878792692
24,41.66513788,741.4083163,854.8293954,1,0,-1.079271009,-0.878792692
25,104.9039287,305.4975787,1212.835297,3,1,0.419716504,1.136786877
26,88.93150057,450.4455343,1010.466267,1,0,-1.079271009,-0.878792692
27,91.03637177,898.0367786,780.4691954,1,0,-1.079271009,-0.878792692
28,86.46176996,335.3147046,1345.360585,4,1,1.16921026,1.136786877
29,26.22856714,476.4620765,1174.314839,4,1,1.16921026,1.136786877
30,301.2241638,177.479552,1072.351247,2,1,-0.329777253,1.136786877
31,69.20582778,286.760848,1217.692037,2,1,-0.329777253,1.136786877
32,114.1633991,541.9249589,824.3426845,1,0,-1.079271009,-0.878792692
33,102.001201,655.6174627,1093.493351,1,1,-1.079271009,1.136786877
34,116.2938133,633.2058669,1111.272637,2,0,-0.329777253,-0.878792692
35,40.93092608,900.6756097,944.8463292,1,0,-1.079271009,-0.878792692
36,54.58381208,759.2707504,888.136654,1,0,-1.079271009,-0.878792692
37,55.83225214,733.6271698,985.7953327,3,1,0.419716504,1.136786877
38,39.73472677,200.0042699,1326.707665,3,1,0.419716504,1.136786877
39,22.65398452,343.904524,1125.636615,4,0,1.16921026,-0.878792692
40,7.562318317,842.9521932,845.5466705,4,1,1.16921026,1.136786877
41,14.80962558,885.8240489,727.3449689,2,0,-0.329777253,-0.878792692
42,7.762446545,678.972275,997.8145876,5,1,1.918704016,1.136786877
43,274.1251763,69.06847293,1379.707355,4,1,1.16921026,1.136786877
44,169.897437,279.507771,1043.686187,1,0,-1.079271009,-0.878792692
45,76.19046569,676.6443411,712.3293906,1,0,-1.079271009,-0.878792692
46,82.90190799,724.755237,880.7708056,2,1,-0.329777253,1.136786877
47,45.77217188,566.9348386,892.6209841,5,0,1.918704016,-0.878792692
48,169.0172945,414.1237012,951.7023328,3,1,0.419716504,1.136786877
49,15.09288653,702.8561476,1007.492168,1,0,-1.079271009,-0.878792692
50,425.4603262,15.63973328,1279.565846,4,0,1.16921026,-0.878792692
51,80.2975123,774.2070353,1070.319645,2,1,-0.329777253,1.136786877
52,2.342317769,988.4675946,708.8340076,1,0,-1.079271009,-0.878792692
53,266.9062141,395.7302943,913.8794273,5,1,1.918704016,1.136786877
54,23.4606293,672.7127669,1056.752947,4,1,1.16921026,1.136786877
55,28.160345,863.8327965,877.3579103,1,0,-1.079271009,-0.878792692
56,67.28011141,255.4993181,1147.438551,3,0,0.419716504,-0.878792692
57,51.71870378,576.9564431,1254.637706,2,0,-0.329777253,-0.878792692
58,189.6258483,480.8157778,1061.240523,3,1,0.419716504,1.136786877
59,25.98691496,741.9953245,831.1839404,3,0,0.419716504,-0.878792692
60,16.38479686,451.956541,1110.696349,2,0,-0.329777253,-0.878792692
61,56.30201996,393.4612875,1203.46873,4,1,1.16921026,1.136786877
62,64.6668927,682.0779681,870.4010205,1,0,-1.079271009,-0.878792692
63,87.76667561,618.8186906,958.6024289,1,0,-1.079271009,-0.878792692
64,13.91999816,596.362931,1124.163648,1,0,-1.079271009,-0.878792692
65,414.7495683,4.653205134,1346.551203,5,1,1.918704016,1.136786877
66,67.28810263,413.9672474,1154.271816,4,1,1.16921026,1.136786877
67,159.2421212,602.1172382,1064.941702,1,0,-1.079271009,-0.878792692
68,43.46008076,454.3657749,966.8885554,2,0,-0.329777253,-0.878792692
69,0.897460781,996.2257313,908.5004726,1,0,-1.079271009,-0.878792692
70,95.090959,420.4655758,1368.60311,2,1,-0.329777253,1.136786877
71,5.252103546,747.54708,1025.52481,2,0,-0.329777253,-0.878792692
72,65.11134716,458.9811669,732.0320591,3,1,0.419716504,1.136786877
73,32.07478548,828.8482802,614.1666322,1,1,-1.079271009,1.136786877
74,84.01317618,574.5494784,996.5128595,2,1,-0.329777253,1.136786877
75,89.32088006,359.3596585,1075.88481,2,0,-0.329777253,-0.878792692
76,92.35175358,415.6428585,945.9914387,5,1,1.918704016,1.136786877
77,145.2925584,496.6427354,996.9125942,2,1,-0.329777253,1.136786877
78,15.58188485,652.9823084,1001.052392,3,0,0.419716504,-0.878792692
79,204.3022882,73.81332404,1131.541759,5,1,1.918704016,1.136786877
80,50.01444278,660.0502356,1122.443431,1,0,-1.079271009,-0.878792692
81,68.09609838,844.8873167,839.5339177,2,1,-0.329777253,1.136786877
82,39.71938017,454.851085,925.118957,5,1,1.918704016,1.136786877
83,47.81327121,321.9377903,775.4185355,2,0,-0.329777253,-0.878792692
84,112.0138263,336.9758412,1149.314207,3,1,0.419716504,1.136786877
85,25.37449063,362.3421175,994.0732453,5,1,1.918704016,1.136786877
86,1.907150923,994.4558346,826.8558789,1,0,-1.079271009,-0.878792692
87,27.98025462,207.1344754,1061.970013,3,0,0.419716504,-0.878792692
88,18.97640812,600.3913994,941.881656,3,1,0.419716504,1.136786877
89,146.6638224,80.75416089,1354.722263,2,0,-0.329777253,-0.878792692
90,105.1311839,255.4175835,1186.904633,2,1,-0.329777253,1.136786877
91,194.5488402,255.8164492,1128.756065,4,1,1.16921026,1.136786877
92,37.28465646,382.8545379,1131.11348,5,1,1.918704016,1.136786877
93,4.394404134,815.6168904,772.5025249,1,0,-1.079271009,-0.878792692
94,193.5464199,156.4720579,1215.017492,3,1,0.419716504,1.136786877
95,37.11650589,781.6966128,953.4316449,2,0,-0.329777253,-0.878792692
96,1.545098368,991.7668216,601.4904847,1,0,-1.079271009,-0.878792692
97,81.18782667,532.5847803,989.1044508,2,1,-0.329777253,1.136786877
98,28.42515178,735.7933338,843.5209063,4,0,1.16921026,-0.878792692
99,66.52903453,87.49206051,1175.735002,4,0,1.16921026,-0.878792692
100,101.6006907,315.8277285,1019.966371,4,0,1.16921026,-0.878792692
101,106.8061717,222.0871246,1288.188671,3,1,0.419716504,1.136786877
102,82.80548333,806.0762903,972.3346817,4,1,1.16921026,1.136786877
103,32.28356262,754.1442743,784.405579,3,0,0.419716504,-0.878792692
104,6.823343504,729.6516991,762.8071223,1,0,-1.079271009,-0.878792692
105,16.05595704,841.1367925,1193.128385,3,1,0.419716504,1.136786877
106,1.164576042,996.5311089,273.5876952,1,0,-1.079271009,-0.878792692
107,200.2373283,399.227498,864.5041852,4,0,1.16921026,-0.878792692
108,14.79664008,745.3377922,825.3266631,1,0,-1.079271009,-0.878792692
109,32.96674359,602.0781797,1166.453515,5,1,1.918704016,1.136786877
110,25.47625987,637.0785945,1039.954682,4,0,1.16921026,-0.878792692
111,24.3943715,657.557427,971.030341,2,0,-0.329777253,-0.878792692
112,0.271429545,962.9758909,732.4141457,2,1,-0.329777253,1.136786877
113,4.605195733,877.587267,670.3117585,1,1,-1.079271009,1.136786877
114,127.6739524,394.2660783,1465.650445,1,1,-1.079271009,1.136786877
115,105.4684957,155.0449082,1314.850873,1,0,-1.079271009,-0.878792692
116,228.0178615,373.4662521,888.9831873,3,1,0.419716504,1.136786877
117,174.1383809,551.6281392,862.2808035,1,0,-1.079271009,-0.878792692
118,49.36818108,726.9191532,788.5270772,4,0,1.16921026,-0.878792692
119,89.72805362,134.078424,1256.741073,2,1,-0.329777253,1.136786877
120,295.1875795,135.4483249,1011.334458,1,1,-1.079271009,1.136786877
121,33.3063655,670.0333508,1025.628484,1,0,-1.079271009,-0.878792692
122,1.46163887,908.3752831,996.8081786,2,1,-0.329777253,1.136786877
123,4.060569614,952.2331672,788.2974366,1,0,-1.079271009,-0.878792692
124,0.56077154,994.9691914,825.2590726,1,0,-1.079271009,-0.878792692
125,28.95644681,23.63728028,1219.270664,1,0,-1.079271009,-0.878792692
126,27.90324815,471.6525246,974.7863332,3,1,0.419716504,1.136786877
127,31.10947487,963.7535227,842.9539845,3,1,0.419716504,1.136786877
128,112.6757874,426.4629686,1085.374941,4,1,1.16921026,1.136786877
129,28.38855572,837.6293651,938.6557361,1,0,-1.079271009,-0.878792692
130,33.01126003,606.4852385,961.7537241,1,1,-1.079271009,1.136786877
131,130.4125597,862.4045406,861.0866118,1,0,-1.079271009,-0.878792692
132,17.89751751,934.8781123,914.9923795,1,0,-1.079271009,-0.878792692
133,9.982044124,834.5948695,917.7948647,1,0,-1.079271009,-0.878792692
134,7.933004225,959.4666899,696.712704,2,1,-0.329777253,1.136786877
135,154.3659125,620.7922584,1168.0307,2,1,-0.329777253,1.136786877
136,219.9217309,91.11117135,1130.659123,3,0,0.419716504,-0.878792692
137,91.30694298,367.1217854,923.6442042,2,0,-0.329777253,-0.878792692
138,34.21915595,797.8863783,959.9472193,4,1,1.16921026,1.136786877
139,220.2005401,235.5231864,1245.487846,5,1,1.918704016,1.136786877
140,31.43969458,512.6819687,948.5847749,2,0,-0.329777253,-0.878792692
141,150.5069133,526.9008578,987.4385388,3,1,0.419716504,1.136786877
142,171.9418073,268.8755699,1154.524114,2,0,-0.329777253,-0.878792692
143,6.950774171,938.070239,449.343578,1,0,-1.079271009,-0.878792692
144,56.11015035,471.7722914,1091.63263,4,0,1.16921026,-0.878792692
145,150.7258361,466.920845,883.1844476,3,1,0.419716504,1.136786877
146,160.2364151,73.98699386,1143.040022,3,0,0.419716504,-0.878792692
147,69.14188722,397.6506267,1064.683751,3,1,0.419716504,1.136786877
148,4.196234173,992.0208257,613.7874634,2,1,-0.329777253,1.136786877
149,74.04528739,295.0315507,1091.353947,4,0,1.16921026,-0.878792692
150,181.2286717,212.2532095,1217.398782,4,1,1.16921026,1.136786877
151,244.5689047,38.81082678,1251.008977,4,0,1.16921026,-0.878792692
152,68.76661587,362.0856841,1045.779765,1,1,-1.079271009,1.136786877
153,253.6990974,377.6670267,1121.997871,2,1,-0.329777253,1.136786877
154,14.91975957,897.3811636,939.4237979,1,1,-1.079271009,1.136786877
155,116.9218236,499.2623702,889.0158483,3,0,0.419716504,-0.878792692
156,118.2170012,172.6272847,1312.502034,3,0,0.419716504,-0.878792692
157,32.25552883,516.9156602,797.3367251,3,0,0.419716504,-0.878792692
158,257.5850558,187.568463,1155.82154,4,1,1.16921026,1.136786877
159,127.8522688,286.1255143,1101.377464,3,1,0.419716504,1.136786877
160,35.36393036,834.0060561,898.6394109,2,0,-0.329777253,-0.878792692
161,11.83130244,695.2748372,881.9544349,1,0,-1.079271009,-0.878792692
162,147.6224634,175.1809603,1123.274296,1,0,-1.079271009,-0.878792692
163,128.5127824,353.2737706,1018.134512,1,0,-1.079271009,-0.878792692
164,15.61449578,581.9763096,1084.026251,2,0,-0.329777253,-0.878792692
165,176.3817677,495.8785427,948.883642,4,1,1.16921026,1.136786877
166,197.2404489,54.27935033,1371.07218,1,0,-1.079271009,-0.878792692
167,16.12007686,460.8690416,1070.473104,5,1,1.918704016,1.136786877
168,153.8705915,358.1507665,998.4001918,1,1,-1.079271009,1.136786877
169,129.9852446,308.2682961,973.1069235,5,1,1.918704016,1.136786877
170,21.53416449,456.9537312,983.397831,5,1,1.918704016,1.136786877
171,17.68131778,691.5504882,638.8761612,1,1,-1.079271009,1.136786877
172,231.9386806,104.6004232,1074.385426,5,1,1.918704016,1.136786877
173,33.91010996,735.0950936,939.5188721,2,1,-0.329777253,1.136786877
174,620.5717602,3.88505043,1342.593246,4,0,1.16921026,-0.878792692
175,133.439075,118.5406511,1077.833378,3,0,0.419716504,-0.878792692
176,145.9462239,216.0831442,876.4528861,4,1,1.16921026,1.136786877
177,56.19119143,291.4886422,1039.197423,1,0,-1.079271009,-0.878792692
178,105.2324884,440.3076311,1267.551295,1,0,-1.079271009,-0.878792692
179,58.90165356,337.0104023,869.6943288,2,0,-0.329777253,-0.878792692
180,193.2813207,87.88614267,1556.082497,4,1,1.16921026,1.136786877
181,119.2524171,82.87552319,1202.186863,1,1,-1.079271009,1.136786877
182,110.1454436,80.34689341,921.4549129,3,0,0.419716504,-0.878792692
183,319.2672332,199.82376,831.09076,2,0,-0.329777253,-0.878792692
184,93.74967144,189.4401656,1079.814738,2,0,-0.329777253,-0.878792692
185,38.37431408,615.3745339,1099.483668,1,0,-1.079271009,-0.878792692
186,42.24854701,798.7718703,717.1221142,2,1,-0.329777253,1.136786877
187,2.385539673,961.770961,734.6345894,1,0,-1.079271009,-0.878792692
188,37.63419089,632.9255483,659.3011823,1,0,-1.079271009,-0.878792692
189,27.3724987,861.1922371,985.6390552,5,1,1.918704016,1.136786877
190,7.890136378,949.329133,917.0107272,1,0,-1.079271009,-0.878792692
191,66.80240605,101.7363418,1180.108114,2,0,-0.329777253,-0.878792692
192,222.9225917,46.11078341,1675.524443,1,0,-1.079271009,-0.878792692
193,98.32691662,85.91967064,1420.372963,5,1,1.918704016,1.136786877
194,321.3472794,94.80676825,1526.297523,4,1,1.16921026,1.136786877
195,90.06647543,627.5483288,1104.004457,4,1,1.16921026,1.136786877
196,127.0155735,408.5698476,1009.843481,1,1,-1.079271009,1.136786877
197,8.551607659,847.7785701,595.5556089,1,0,-1.079271009,-0.878792692
198,63.9546507,246.1843868,1316.906594,2,1,-0.329777253,1.136786877
199,0.961906813,995.1974668,636.217222,1,0,-1.079271009,-0.878792692
200,73.13437675,681.5690225,883.4671021,1,0,-1.079271009,-0.878792692
201,9.644081942,386.7986016,1183.539064,2,0,-0.329777253,-0.878792692
202,21.39882024,692.4951682,1122.842048,2,1,-0.329777253,1.136786877
203,40.77025245,535.1613058,794.2745,3,0,0.419716504,-0.878792692
204,15.18304266,943.8513525,850.6843936,2,0,-0.329777253,-0.878792692
205,322.3301995,33.11393067,1246.41088,4,0,1.16921026,-0.878792692
206,39.56470722,360.050933,818.2694814,2,0,-0.329777253,-0.878792692
207,109.1033034,820.7741675,816.7873937,4,0,1.16921026,-0.878792692
208,109.157744,449.8968015,940.5600484,3,1,0.419716504,1.136786877
209,3.453256486,714.5922672,769.0142935,2,0,-0.329777253,-0.878792692
210,345.0367778,387.2847921,1005.245698,1,1,-1.079271009,1.136786877
211,128.4375869,272.6027834,965.9119164,2,0,-0.329777253,-0.878792692
212,44.13733808,212.7266498,935.6182352,5,1,1.918704016,1.136786877
213,46.65052402,658.135888,1133.46274,2,0,-0.329777253,-0.878792692
214,370.5661983,2.961663597,1536.426585,5,1,1.918704016,1.136786877
215,220.0879951,335.4352946,1068.114801,3,1,0.419716504,1.136786877
216,36.02344969,907.9618527,740.8340731,4,1,1.16921026,1.136786877
217,130.5118954,652.5395164,928.9310694,3,0,0.419716504,-0.878792692
218,299.4771224,114.8396738,1135.597235,3,0,0.419716504,-0.878792692
219,101.7269291,468.2492825,1318.771585,1,0,-1.079271009,-0.878792692
220,8.831366367,639.6451815,804.2317274,4,1,1.16921026,1.136786877
221,169.9434117,167.2084481,894.5227929,5,0,1.918704016,-0.878792692
222,83.28678362,485.6171251,763.8381709,2,0,-0.329777253,-0.878792692
223,27.17881118,759.5990211,987.9462445,4,1,1.16921026,1.136786877
224,48.34812564,611.788114,1117.333433,1,0,-1.079271009,-0.878792692
225,255.2937043,44.32496684,1048.261829,4,0,1.16921026,-0.878792692
226,380.5786039,120.4751506,1235.709606,2,0,-0.329777253,-0.878792692
227,138.4231912,421.1234747,1175.021397,2,1,-0.329777253,1.136786877
228,24.73638383,627.2435722,1059.725932,1,0,-1.079271009,-0.878792692
229,148.7109188,431.6474514,1007.288474,2,0,-0.329777253,-0.878792692
230,36.61996185,491.4849819,925.0326143,2,0,-0.329777253,-0.878792692
231,34.91593043,758.813453,1033.010709,1,0,-1.079271009,-0.878792692
232,37.46680883,784.9848728,943.2504069,3,1,0.419716504,1.136786877
233,42.62224154,594.218541,996.7255067,1,0,-1.079271009,-0.878792692
234,97.51400596,552.6435897,1089.14881,2,0,-0.329777253,-0.878792692
235,12.43445699,966.3596177,484.2972926,1,0,-1.079271009,-0.878792692
236,26.0335303,802.1059491,1085.945239,3,1,0.419716504,1.136786877
237,50.48776806,666.9469995,1124.979384,2,0,-0.329777253,-0.878792692
238,112.9723654,272.6055857,1250.784047,2,0,-0.329777253,-0.878792692
239,232.8166583,84.58517802,1115.854508,3,0,0.419716504,-0.878792692
240,10.75122515,770.7029393,873.857548,4,0,1.16921026,-0.878792692
241,59.6644977,824.1054073,678.5007336,3,1,0.419716504,1.136786877
242,71.995504,665.4475163,1128.361713,1,0,-1.079271009,-0.878792692
243,103.0011564,552.0369581,1034.175403,2,1,-0.329777253,1.136786877
244,109.2867731,431.3042241,1115.333727,3,1,0.419716504,1.136786877
245,32.56707496,699.7356085,1056.751828,2,1,-0.329777253,1.136786877
246,45.76988075,517.896651,1127.96189,1,1,-1.079271009,1.136786877
247,41.5779674,556.0357385,729.6932141,4,0,1.16921026,-0.878792692
248,202.7351011,13.40605312,1194.180648,2,0,-0.329777253,-0.878792692
249,17.53606338,927.7835359,985.1375696,3,1,0.419716504,1.136786877
250,42.13855967,717.6140461,934.9469914,2,1,-0.329777253,1.136786877
251,64.8999517,191.8238496,919.6335502,3,1,0.419716504,1.136786877
252,141.6620379,169.8551968,1305.799904,4,1,1.16921026,1.136786877
253,4.506070407,912.000476,939.972241,2,0,-0.329777253,-0.878792692
254,129.587981,848.4130653,1053.596092,2,1,-0.329777253,1.136786877
255,23.20902922,883.2603068,689.8405033,3,0,0.419716504,-0.878792692
256,39.3385427,737.2797793,1071.118693,4,1,1.16921026,1.136786877
257,26.56753764,657.8393412,1265.116386,1,0,-1.079271009,-0.878792692
258,2.690256532,971.8274736,656.6320311,1,0,-1.079271009,-0.878792692
259,38.75771211,582.1466115,1107.145245,3,1,0.419716504,1.136786877
260,65.58716866,213.4143821,910.1251941,2,0,-0.329777253,-0.878792692
261,98.12144782,112.2156722,1052.972863,4,1,1.16921026,1.136786877
262,10.99368099,865.524189,941.2536913,1,1,-1.079271009,1.136786877
263,81.82787856,588.0733036,917.5174989,4,0,1.16921026,-0.878792692
264,102.0890267,437.9655806,1119.991575,1,1,-1.079271009,1.136786877
265,68.74975552,275.2551833,1121.820831,1,0,-1.079271009,-0.878792692
266,107.4491754,561.1837051,1071.58823,2,1,-0.329777253,1.136786877
267,56.60475832,681.6662655,966.2438441,1,1,-1.079271009,1.136786877
268,17.58965297,958.0131131,773.275645,1,0,-1.079271009,-0.878792692
269,9.747392394,731.7467559,777.853626,2,0,-0.329777253,-0.878792692
270,336.6863498,217.2116377,1230.168472,2,1,-0.329777253,1.136786877
271,109.5768323,223.8324052,1187.824175,3,0,0.419716504,-0.878792692
272,55.15526126,853.858041,691.4213779,1,0,-1.079271009,-0.878792692
273,158.5808882,102.2651533,1157.025608,4,1,1.16921026,1.136786877
274,76.79822128,329.6170009,971.0989992,4,0,1.16921026,-0.878792692
275,42.78256504,776.3151741,1061.337409,1,1,-1.079271009,1.136786877
276,164.1612493,418.3452154,1250.659119,1,1,-1.079271009,1.136786877
277,182.5115651,91.81289735,1355.031708,1,0,-1.079271009,-0.878792692
278,53.10226218,412.6449459,936.0623604,2,0,-0.329777253,-0.878792692
279,65.71461331,845.4908367,941.9555962,3,0,0.419716504,-0.878792692
280,15.52625456,928.2243411,988.8494594,3,1,0.419716504,1.136786877
281,91.2491908,30.72103773,1248.951314,1,0,-1.079271009,-0.878792692
282,75.67926039,287.6214527,1215.473664,2,1,-0.329777253,1.136786877
283,8.416554579,803.3465403,659.3908006,3,0,0.419716504,-0.878792692
284,3.589539762,915.4215046,693.5297465,1,1,-1.079271009,1.136786877
285,31.58719342,626.6361054,944.2849206,1,0,-1.079271009,-0.878792692
286,64.06452269,657.3298584,693.6889176,1,0,-1.079271009,-0.878792692
287,16.01754309,852.4914494,729.6628737,1,0,-1.079271009,-0.878792692
288,18.63531256,887.1826713,881.4265949,1,0,-1.079271009,-0.878792692
289,182.66182,35.83764212,1314.395786,5,1,1.918704016,1.136786877
290,86.62218772,499.8081913,1180.808878,1,0,-1.079271009,-0.878792692
291,105.4513795,366.6992229,1037.622963,3,1,0.419716504,1.136786877
292,60.03366935,279.1744857,1120.149487,1,0,-1.079271009,-0.878792692
293,108.7771668,466.4119452,911.046244,2,1,-0.329777253,1.136786877
294,155.9090438,157.2688042,1100.317029,3,0,0.419716504,-0.878792692
295,45.33968193,750.3469659,840.9064568,4,1,1.16921026,1.136786877
296,320.0710126,128.0526982,1141.744098,5,1,1.918704016,1.136786877
297,19.64288823,331.3708979,1371.582441,1,1,-1.079271009,1.136786877
298,71.89818373,781.3346852,985.2124049,4,1,1.16921026,1.136786877
299,38.91278166,841.2099339,841.1033445,4,0,1.16921026,-0.878792692
300,65.60272321,118.4751087,1215.010466,3,0,0.419716504,-0.878792692
301,76.25455189,22.72595281,1542.154238,4,0,1.16921026,-0.878792692
302,12.20517026,907.2585591,748.8127204,1,1,-1.079271009,1.136786877
303,11.81365306,339.1446096,850.6450531,2,0,-0.329777253,-0.878792692
304,66.78880709,643.0123968,1010.205131,2,0,-0.329777253,-0.878792692
305,135.9865249,457.3598426,875.0983056,1,0,-1.079271009,-0.878792692
306,1.517847466,985.4586982,861.7359427,1,0,-1.079271009,-0.878792692
307,149.4330177,204.9682943,1225.903865,3,0,0.419716504,-0.878792692
308,153.5917585,226.9019786,1005.270967,1,0,-1.079271009,-0.878792692
309,39.41979461,517.0820683,1106.761377,1,0,-1.079271009,-0.878792692
310,31.59369347,621.7286486,964.6552804,2,0,-0.329777253,-0.878792692
311,6.917009747,801.6873129,1097.812584,2,1,-0.329777253,1.136786877
312,196.3785856,262.7792027,1326.327883,1,0,-1.079271009,-0.878792692
313,432.0349856,63.19643087,1147.323329,2,0,-0.329777253,-0.878792692
314,312.0035781,20.84320036,1200.57385,4,1,1.16921026,1.136786877
315,34.42482355,713.9710356,736.5610709,3,1,0.419716504,1.136786877
316,1.267133952,990.2909307,639.4417783,1,1,-1.079271009,1.136786877
317,142.9367352,53.83611054,1217.192913,4,1,1.16921026,1.136786877
318,97.55372323,401.6538582,927.4491656,2,0,-0.329777253,-0.878792692
319,152.5424606,192.5772266,910.3318918,4,0,1.16921026,-0.878792692
320,137.9807606,185.9012452,1000.328113,3,0,0.419716504,-0.878792692
321,63.91135092,660.0550993,1163.063967,1,1,-1.079271009,1.136786877
322,109.0824157,53.99881823,1232.71706,3,0,0.419716504,-0.878792692
323,222.1352395,107.729045,1338.49776,1,0,-1.079271009,-0.878792692
324,215.9151166,75.4059976,1248.871892,1,0,-1.079271009,-0.878792692
325,18.96849229,868.6527268,1125.687056,4,1,1.16921026,1.136786877
326,11.52208438,873.9264229,788.5357136,1,0,-1.079271009,-0.878792692
327,9.319932599,975.5099688,890.0708015,1,0,-1.079271009,-0.878792692
328,85.14760449,377.0700846,958.7243041,2,0,-0.329777253,-0.878792692
329,14.89817298,594.1161983,865.2370118,1,0,-1.079271009,-0.878792692
330,110.1378724,163.7186432,1131.388806,3,1,0.419716504,1.136786877
331,32.35804189,630.6469242,1013.497699,1,0,-1.079271009,-0.878792692
332,63.22371482,248.4363021,1137.426197,4,0,1.16921026,-0.878792692
333,290.5745278,83.47406667,1202.355002,3,1,0.419716504,1.136786877
334,19.44362762,540.9481873,916.5019326,4,0,1.16921026,-0.878792692
335,88.60897199,584.5920657,956.7372817,1,0,-1.079271009,-0.878792692
336,56.35988927,359.1311497,826.1183379,4,1,1.16921026,1.136786877
337,25.43559599,861.8968023,686.7118311,1,0,-1.079271009,-0.878792692
338,0.582239294,899.5182823,734.8133547,1,0,-1.079271009,-0.878792692
339,66.8383178,657.0659352,897.966167,1,0,-1.079271009,-0.878792692
340,137.4379583,172.2863237,1345.853575,3,1,0.419716504,1.136786877
341,74.70651464,474.6548076,697.7105305,1,0,-1.079271009,-0.878792692
342,39.48088567,467.865266,1010.806354,3,0,0.419716504,-0.878792692
343,168.2118136,686.660342,1139.994546,2,1,-0.329777253,1.136786877
344,3.517498212,849.5515711,966.7410275,1,0,-1.079271009,-0.878792692
345,5.148827728,858.9491629,897.5765051,3,0,0.419716504,-0.878792692
346,0.563714389,965.7720159,946.7905176,4,0,1.16921026,-0.878792692
347,139.7590457,209.4726668,1221.600463,5,1,1.918704016,1.136786877
348,25.57566906,739.7232397,823.7922577,1,1,-1.079271009,1.136786877
349,115.1864277,455.2312989,940.8904621,2,0,-0.329777253,-0.878792692
350,26.65623567,871.189474,1008.922503,1,0,-1.079271009,-0.878792692
351,16.89986574,971.6645014,608.7711016,1,0,-1.079271009,-0.878792692
352,251.5630809,9.985056136,1233.091041,5,1,1.918704016,1.136786877
353,33.11112116,380.4475266,1250.228501,1,0,-1.079271009,-0.878792692
354,94.07655748,523.3767408,890.4868382,4,0,1.16921026,-0.878792692
355,368.4927344,1.257709769,1394.021021,5,1,1.918704016,1.136786877
356,283.6657314,153.5183456,1027.986712,2,1,-0.329777253,1.136786877
357,12.49590511,813.8602244,895.6882742,3,0,0.419716504,-0.878792692
358,78.93286198,434.213571,1011.625899,3,0,0.419716504,-0.878792692
359,129.0056974,215.4427094,1061.285568,4,0,1.16921026,-0.878792692
360,31.56948118,710.0950374,1101.686706,3,1,0.419716504,1.136786877
361,122.6343746,264.1542258,1060.053269,2,0,-0.329777253,-0.878792692
362,572.4591099,5.333822889,1427.334321,5,1,1.918704016,1.136786877
363,14.55622499,943.3770756,435.2005044,1,0,-1.079271009,-0.878792692
364,111.021865,195.322587,1180.922605,5,1,1.918704016,1.136786877
365,91.96502091,61.46092934,1404.094247,2,1,-0.329777253,1.136786877
366,429.8083664,0.547335397,1403.269686,4,0,1.16921026,-0.878792692
367,53.75492762,125.728451,1064.52164,4,0,1.16921026,-0.878792692
368,49.2337398,869.3673597,1028.670713,2,1,-0.329777253,1.136786877
369,254.496665,61.93840926,1203.752554,4,0,1.16921026,-0.878792692
370,46.47122367,880.6712925,807.2693576,1,0,-1.079271009,-0.878792692
371,68.90837962,434.9452655,1028.779063,3,1,0.419716504,1.136786877
372,76.00318146,410.6456926,1115.098379,1,0,-1.079271009,-0.878792692
373,239.95986,36.04067268,1373.638015,3,1,0.419716504,1.136786877
374,92.0451324,405.8044113,859.2537224,2,1,-0.329777253,1.136786877
375,247.66966,5.187681669,1318.898079,3,0,0.419716504,-0.878792692
376,273.7331373,251.2052365,1245.205105,5,1,1.918704016,1.136786877
377,28.03372299,554.1153315,982.3243244,2,0,-0.329777253,-0.878792692
378,68.19038169,403.9032345,1054.115898,2,0,-0.329777253,-0.878792692
379,5.424469842,976.8235206,412.9019626,1,0,-1.079271009,-0.878792692
380,24.27356804,409.8400146,1146.47944,4,1,1.16921026,1.136786877
381,105.5763958,574.9199498,1134.122803,3,1,0.419716504,1.136786877
382,77.06677915,117.0065801,991.7373058,4,0,1.16921026,-0.878792692
383,18.84224104,759.2796046,768.4059357,4,0,1.16921026,-0.878792692
384,251.0720189,78.02823516,1151.015618,5,1,1.918704016,1.136786877
385,101.4657334,508.7888494,906.1938664,1,1,-1.079271009,1.136786877
386,7.021533396,972.5806798,734.5279101,1,0,-1.079271009,-0.878792692
387,9.351382433,818.610286,937.4398608,1,0,-1.079271009,-0.878792692
388,114.4641737,214.0827687,1064.919035,3,0,0.419716504,-0.878792692
389,21.33249979,508.6209373,1072.710474,1,0,-1.079271009,-0.878792692
390,19.33201606,387.921222,899.5585415,2,1,-0.329777253,1.136786877
391,67.98370325,497.9351096,926.4549954,2,1,-0.329777253,1.136786877
392,71.43652749,485.5593194,960.0875249,3,0,0.419716504,-0.878792692
393,18.18501545,971.3231659,540.0266502,2,1,-0.329777253,1.136786877
394,215.7935052,207.1630087,1236.886785,3,1,0.419716504,1.136786877
395,52.17251908,188.6635398,1342.516061,3,0,0.419716504,-0.878792692
396,45.94005915,348.7153329,1000.959652,3,1,0.419716504,1.136786877
397,177.6310519,423.4069558,1034.286548,1,0,-1.079271009,-0.878792692
398,48.59074927,376.979826,846.1301285,2,0,-0.329777253,-0.878792692
399,108.1930962,425.8609545,946.6415076,3,0,0.419716504,-0.878792692
400,114.943725,438.661471,1008.138974,2,0,-0.329777253,-0.878792692
401,163.4624251,489.9851892,961.4699067,1,0,-1.079271009,-0.878792692
402,214.3432764,270.6089255,1202.790592,4,1,1.16921026,1.136786877
403,56.60094023,624.3678613,1032.379702,4,1,1.16921026,1.136786877
404,59.83217303,845.1296851,802.7744984,1,0,-1.079271009,-0.878792692
405,65.39190208,607.5276856,1121.877485,2,0,-0.329777253,-0.878792692
406,34.28860261,554.8498409,1112.72571,2,0,-0.329777253,-0.878792692
407,5.427226262,952.9823882,744.1306925,1,0,-1.079271009,-0.878792692
408,0.364486092,983.6818516,713.4058083,1,0,-1.079271009,-0.878792692
409,80.8792259,585.7827012,799.4198952,1,0,-1.079271009,-0.878792692
410,68.77643958,459.5150161,952.6595965,3,1,0.419716504,1.136786877
411,42.82088995,373.5032644,774.8496992,2,0,-0.329777253,-0.878792692
412,73.85109141,644.9904989,680.5944725,1,0,-1.079271009,-0.878792692
413,149.6990308,416.2529956,876.4647983,1,0,-1.079271009,-0.878792692
414,98.43303149,391.9962648,926.472176,2,0,-0.329777253,-0.878792692
415,46.75854573,573.930009,911.3743943,1,0,-1.079271009,-0.878792692
416,361.6643971,144.9564118,1292.289409,5,1,1.918704016,1.136786877
417,221.377733,142.8233259,1010.46499,3,0,0.419716504,-0.878792692
418,126.3506703,388.7859089,933.7455683,3,1,0.419716504,1.136786877
419,33.0422181,798.21376,1157.281881,2,1,-0.329777253,1.136786877
420,96.8877639,330.4211494,1093.574801,1,0,-1.079271009,-0.878792692
421,155.4181415,56.30836821,1358.462667,4,1,1.16921026,1.136786877
422,84.70680337,745.7491557,830.4519478,3,0,0.419716504,-0.878792692
423,238.1581858,159.2156629,986.0527972,5,1,1.918704016,1.136786877
424,54.03430304,35.34300157,1048.132535,4,0,1.16921026,-0.878792692
425,178.2117859,137.8264549,1286.079918,2,1,-0.329777253,1.136786877
426,24.79292253,571.9399433,886.1707279,1,0,-1.079271009,-0.878792692
427,125.1279972,246.8210185,825.3111835,4,0,1.16921026,-0.878792692
428,302.3305742,320.0171817,1203.390938,5,1,1.918704016,1.136786877
429,135.2279105,88.50424417,1282.55285,5,1,1.918704016,1.136786877
430,69.78584616,305.7801861,1067.989191,3,1,0.419716504,1.136786877
431,38.05057576,644.1038597,835.8458933,1,0,-1.079271009,-0.878792692
432,186.2537679,240.8102519,1124.595487,4,1,1.16921026,1.136786877
433,85.54215551,733.4947683,1039.863562,1,1,-1.079271009,1.136786877
434,18.39615653,685.4715242,807.5088474,1,0,-1.079271009,-0.878792692
435,15.57265467,835.9197203,1167.083779,2,0,-0.329777253,-0.878792692
436,326.0568697,141.7469754,1004.721552,3,0,0.419716504,-0.878792692
437,191.06913,462.6121281,1206.025189,2,0,-0.329777253,-0.878792692
438,35.21816447,862.2806868,853.0238286,1,1,-1.079271009,1.136786877
439,44.5485077,322.013182,983.8286105,2,1,-0.329777253,1.136786877
440,30.12907849,971.6508457,638.8218227,1,0,-1.079271009,-0.878792692
441,64.29072052,468.2921023,1140.190803,2,0,-0.329777253,-0.878792692
442,355.9594346,52.26484882,1385.413681,4,0,1.16921026,-0.878792692
443,14.56827983,562.6326745,789.3628142,1,0,-1.079271009,-0.878792692
444,229.1283572,62.07285329,1276.816859,3,0,0.419716504,-0.878792692
445,25.23226794,582.098896,973.7726736,1,0,-1.079271009,-0.878792692
446,144.8210901,734.6150005,991.1076286,1,1,-1.079271009,1.136786877
447,58.07213148,975.6045535,895.1405184,3,1,0.419716504,1.136786877
448,5.620785049,811.0561098,837.2067717,1,0,-1.079271009,-0.878792692
449,239.4122391,304.9650398,1013.512837,4,1,1.16921026,1.136786877
450,49.87563789,323.2629457,1269.439734,3,0,0.419716504,-0.878792692
451,117.7122775,194.3531699,1024.10178,3,0,0.419716504,-0.878792692
452,165.94316,245.3063687,1148.606834,3,0,0.419716504,-0.878792692
453,461.1718757,11.91952435,1115.996617,4,1,1.16921026,1.136786877
454,12.6752219,426.8498142,880.3226454,2,0,-0.329777253,-0.878792692
455,271.6786319,31.70193283,1358.71013,5,1,1.918704016,1.136786877
456,25.35891302,673.5422963,918.9333987,1,0,-1.079271009,-0.878792692
457,91.81716771,676.5658015,1024.809688,1,1,-1.079271009,1.136786877
458,48.09315753,976.6399916,674.0406306,1,0,-1.079271009,-0.878792692
459,33.46964922,972.6630976,609.1635046,1,0,-1.079271009,-0.878792692
460,9.15580553,636.1242,1087.053193,3,1,0.419716504,1.136786877
461,19.96247747,610.4960011,1018.480553,3,0,0.419716504,-0.878792692
462,6.252670453,888.2425747,822.8807728,3,0,0.419716504,-0.878792692
463,231.3938224,148.7062795,1077.728338,3,0,0.419716504,-0.878792692
464,270.4891261,325.2437971,1025.924831,4,1,1.16921026,1.136786877
465,70.79654517,390.9669549,1211.787659,5,1,1.918704016,1.136786877
466,63.0164914,339.3755339,1009.356328,2,1,-0.329777253,1.136786877
467,3.737119534,960.1933186,790.7140969,3,0,0.419716504,-0.878792692
468,7.279477588,510.5810868,1012.057757,1,0,-1.079271009,-0.878792692
469,15.51052964,714.7761869,731.2431056,4,0,1.16921026,-0.878792692
470,153.944007,402.77652,864.5988393,2,0,-0.329777253,-0.878792692
471,76.58164105,545.2495673,1148.81684,1,0,-1.079271009,-0.878792692
472,44.68669281,536.4848014,939.2206949,3,0,0.419716504,-0.878792692
473,314.6793594,24.97330518,1033.955479,3,0,0.419716504,-0.878792692
474,41.40000957,565.0428534,818.7825759,1,0,-1.079271009,-0.878792692
475,38.82770093,465.2336316,1262.806373,3,1,0.419716504,1.136786877
476,117.1048096,477.8572501,808.9156614,2,0,-0.329777253,-0.878792692
477,8.076703029,769.4434111,738.9758162,2,0,-0.329777253,-0.878792692
478,400.8762732,7.374647829,1380.197328,1,0,-1.079271009,-0.878792692
479,6.189839287,830.4222161,680.8330111,1,0,-1.079271009,-0.878792692
480,90.85337421,136.030766,1389.898977,3,0,0.419716504,-0.878792692
481,71.53971775,190.3550798,1010.068925,4,0,1.16921026,-0.878792692
482,244.3757636,407.4159362,1118.449345,1,1,-1.079271009,1.136786877
483,43.56494808,758.5491716,821.0645864,1,0,-1.079271009,-0.878792692
484,161.3924764,175.9785916,1096.512616,2,0,-0.329777253,-0.878792692
485,69.41742509,626.8385445,883.2657691,3,1,0.419716504,1.136786877
486,27.41128578,368.3758322,741.1970837,4,1,1.16921026,1.136786877
487,10.20796309,784.5213771,1094.346413,1,0,-1.079271009,-0.878792692
488,98.15055816,245.5010623,981.8938311,3,0,0.419716504,-0.878792692
489,79.81231892,323.8486351,1183.353495,1,1,-1.079271009,1.136786877
490,38.04559337,898.3915325,651.9724032,1,0,-1.079271009,-0.878792692
491,66.08933041,301.8353016,951.4171556,5,1,1.918704016,1.136786877
492,8.013446787,972.7875562,742.5743781,2,1,-0.329777253,1.136786877
493,17.65355273,906.1437247,753.4325503,1,0,-1.079271009,-0.878792692
494,90.12091716,113.4917885,1184.253152,4,1,1.16921026,1.136786877
495,328.4238241,12.75832114,788.6984103,4,1,1.16921026,1.136786877
496,55.91539241,528.7613903,1005.717777,4,1,1.16921026,1.136786877
497,20.07990659,902.4583263,1143.959386,3,1,0.419716504,1.136786877
498,236.1383548,184.4784026,1249.434024,2,1,-0.329777253,1.136786877
499,9.083793935,630.7264006,861.3330985,3,0,0.419716504,-0.878792692
500,29.7746383,347.2633759,956.0026591,3,1,0.419716504,1.136786877
501,42.6074426,732.2122252,1007.798088,4,1,1.16921026,1.136786877
502,31.75651535,560.8108472,826.1142388,2,0,-0.329777253,-0.878792692
503,61.30482247,329.3513865,879.1296503,3,0,0.419716504,-0.878792692
504,67.79218195,600.3506926,870.7797928,1,0,-1.079271009,-0.878792692
505,520.4971287,12.57618687,1148.890774,5,1,1.918704016,1.136786877
506,47.85615343,885.0372361,1004.51843,2,1,-0.329777253,1.136786877
507,89.34685805,545.7691193,880.8810617,3,0,0.419716504,-0.878792692
508,8.846452835,972.2752711,692.2062837,1,0,-1.079271009,-0.878792692
509,40.13106607,206.2650037,1137.62304,4,0,1.16921026,-0.878792692
510,207.7317117,480.0858696,953.2456837,2,1,-0.329777253,1.136786877
511,23.2454701,700.5776714,752.5634491,4,0,1.16921026,-0.878792692
512,56.78094915,667.0686608,734.5400242,2,0,-0.329777253,-0.878792692
513,328.4705408,17.23524953,1316.389356,4,0,1.16921026,-0.878792692
514,140.6372428,138.0942959,966.6109107,3,0,0.419716504,-0.878792692
515,108.1113321,322.3197712,922.1429302,2,0,-0.329777253,-0.878792692
516,98.23323955,516.5975243,810.2991387,1,0,-1.079271009,-0.878792692
517,31.85881367,520.0039488,965.842399,1,0,-1.079271009,-0.878792692
518,87.49174464,766.4653802,754.4737818,2,1,-0.329777253,1.136786877
519,170.7053747,824.0946248,1076.71966,3,1,0.419716504,1.136786877
520,57.86624189,281.4758516,1172.317695,2,0,-0.329777253,-0.878792692
521,66.31588115,590.3624899,864.8447507,3,0,0.419716504,-0.878792692
522,80.39365444,356.2181158,973.6378309,3,1,0.419716504,1.136786877
523,7.269040114,886.5639037,702.9040554,1,1,-1.079271009,1.136786877
524,36.54123174,654.9691974,714.2534305,1,0,-1.079271009,-0.878792692
525,110.1209144,378.2546089,767.4309507,2,1,-0.329777253,1.136786877
526,131.1547769,219.8611773,967.9475389,4,1,1.16921026,1.136786877
527,228.2873368,153.9850873,1143.459771,2,0,-0.329777253,-0.878792692
528,6.918830603,968.052129,572.7702616,1,0,-1.079271009,-0.878792692
529,76.50321016,355.6403884,1124.431276,1,0,-1.079271009,-0.878792692
530,23.20805487,497.9151419,1088.127927,1,1,-1.079271009,1.136786877
531,94.07995941,369.9538326,978.8992994,4,1,1.16921026,1.136786877
532,293.8582547,43.98897975,941.1321652,5,1,1.918704016,1.136786877
533,126.6580483,681.0170468,928.5316254,1,1,-1.079271009,1.136786877
534,82.0194213,247.2284336,981.940076,3,0,0.419716504,-0.878792692
535,22.73610253,581.326745,1012.749782,2,0,-0.329777253,-0.878792692
536,38.69375791,830.6094722,843.1412397,2,1,-0.329777253,1.136786877
537,198.4311267,381.7111581,1076.417709,4,1,1.16921026,1.136786877
538,4.396641213,972.6410384,990.2932211,1,1,-1.079271009,1.136786877
539,86.69334768,487.4872629,934.9170378,3,0,0.419716504,-0.878792692
540,91.62116851,272.1003997,1264.815887,2,0,-0.329777253,-0.878792692
541,7.281327723,935.6098912,711.3359378,2,1,-0.329777253,1.136786877
542,74.34426279,744.6803276,820.5197145,1,1,-1.079271009,1.136786877
543,21.49193127,648.5485397,832.5748339,3,0,0.419716504,-0.878792692
544,8.131958398,799.3027699,1044.387048,2,0,-0.329777253,-0.878792692
545,4.89997466,827.8542248,857.8246828,1,0,-1.079271009,-0.878792692
546,35.36656887,462.6781361,918.129026,3,0,0.419716504,-0.878792692
547,91.14060054,344.2749875,1316.457434,2,0,-0.329777253,-0.878792692
548,9.38673304,926.1447048,715.4291212,1,0,-1.079271009,-0.878792692
549,216.8477667,50.36933011,1320.128799,2,1,-0.329777253,1.136786877
550,84.19426086,454.1118736,632.5559945,3,1,0.419716504,1.136786877
551,65.27037675,191.6934827,889.0535318,3,0,0.419716504,-0.878792692
552,42.3632105,811.9072506,1126.17422,1,0,-1.079271009,-0.878792692
553,44.49132866,691.0111446,787.3366646,2,0,-0.329777253,-0.878792692
554,87.07194072,749.97968,897.9627673,1,0,-1.079271009,-0.878792692
555,72.55322432,158.336418,1027.869033,4,1,1.16921026,1.136786877
556,267.3562964,498.0597155,1327.660261,1,1,-1.079271009,1.136786877
557,116.2204339,505.0751112,946.8844517,2,0,-0.329777253,-0.878792692
558,383.4985155,30.64902981,1260.716096,5,1,1.918704016,1.136786877
559,263.9190568,45.95201902,1156.353362,4,0,1.16921026,-0.878792692
560,241.821461,253.7862972,1187.107198,1,0,-1.079271009,-0.878792692
561,94.85505854,516.6092627,1086.733939,4,1,1.16921026,1.136786877
562,94.54325112,620.1713159,947.0904557,1,1,-1.079271009,1.136786877
563,11.79490041,967.9800804,573.9660925,1,0,-1.079271009,-0.878792692
564,292.6096519,50.71740977,1051.138093,3,0,0.419716504,-0.878792692
565,114.0732392,542.5325552,723.5877098,1,0,-1.079271009,-0.878792692
566,49.50041931,289.1461657,1039.745999,5,1,1.918704016,1.136786877
567,423.6340284,1.904934845,1383.448829,4,1,1.16921026,1.136786877
568,43.13897594,755.5977198,1008.280536,4,0,1.16921026,-0.878792692
569,44.97320573,472.7602193,1092.001584,5,1,1.918704016,1.136786877
570,40.8416214,422.6413301,1193.913619,4,0,1.16921026,-0.878792692
571,7.941528341,595.5657685,951.6623376,1,0,-1.079271009,-0.878792692
572,54.10568408,67.90361596,1263.718745,4,1,1.16921026,1.136786877
573,304.5635832,49.25870752,1465.347025,3,0,0.419716504,-0.878792692
574,72.32197651,271.0565054,1016.697864,1,0,-1.079271009,-0.878792692
575,100.3812802,21.72533316,1285.461214,5,1,1.918704016,1.136786877
576,140.5955966,681.459271,910.2229066,2,0,-0.329777253,-0.878792692
577,207.4615996,144.3590141,951.8125392,1,0,-1.079271009,-0.878792692
578,11.93499526,887.2483759,848.5032525,2,0,-0.329777253,-0.878792692
579,368.340927,74.75781363,1223.035847,2,1,-0.329777253,1.136786877
580,78.63349372,394.4083941,897.7221068,5,1,1.918704016,1.136786877
581,72.85232096,563.9509926,939.7332376,1,0,-1.079271009,-0.878792692
582,3.473115317,938.6713853,632.2629462,1,0,-1.079271009,-0.878792692
583,41.03854726,645.2923331,943.7719871,2,0,-0.329777253,-0.878792692
584,3.154377816,858.4652707,765.1050529,1,0,-1.079271009,-0.878792692
585,7.326705802,951.8766765,768.9566393,2,1,-0.329777253,1.136786877
586,32.70591898,557.5119563,836.0129792,1,0,-1.079271009,-0.878792692
587,20.13839856,482.4674294,1130.810471,2,0,-0.329777253,-0.878792692
588,168.0530374,258.0502662,1177.644615,2,0,-0.329777253,-0.878792692
589,193.237966,345.1123907,1244.95629,2,1,-0.329777253,1.136786877
590,49.59369823,380.3262145,692.4446596,4,1,1.16921026,1.136786877
591,1.11002521,915.1808015,742.5868351,2,0,-0.329777253,-0.878792692
592,71.81756484,120.1955954,865.7876012,4,0,1.16921026,-0.878792692
593,23.87904564,763.9838931,914.7441428,1,0,-1.079271009,-0.878792692
594,2.838507379,987.1747487,770.8084435,1,1,-1.079271009,1.136786877
595,57.63388994,721.7864569,884.8492469,1,1,-1.079271009,1.136786877
596,153.5762833,232.9004589,1237.325189,4,1,1.16921026,1.136786877
597,187.5419396,33.41790339,1360.587876,3,0,0.419716504,-0.878792692
598,96.18750864,323.086658,974.0871995,2,1,-0.329777253,1.136786877
599,60.41264977,458.4389929,1103.147689,5,1,1.918704016,1.136786877
600,193.5449031,108.8487997,1136.252116,4,1,1.16921026,1.136786877
601,89.42739214,379.7088008,1167.399678,2,0,-0.329777253,-0.878792692
602,30.36829662,690.610833,819.0372463,2,1,-0.329777253,1.136786877
603,217.3503612,299.7181369,1122.262138,3,1,0.419716504,1.136786877
604,22.19116169,613.9585368,875.3548078,1,0,-1.079271009,-0.878792692
605,258.0379517,81.96790058,1154.381334,2,0,-0.329777253,-0.878792692
606,16.74347807,501.1532207,1088.996724,3,1,0.419716504,1.136786877
607,22.3729334,674.0973941,1314.601943,3,1,0.419716504,1.136786877
608,43.42570135,620.6380144,1049.6323,1,0,-1.079271009,-0.878792692
609,12.26205446,905.5804983,613.0225924,1,0,-1.079271009,-0.878792692
610,29.4455919,769.2245046,919.701404,2,1,-0.329777253,1.136786877
611,95.61450001,148.9909135,1085.975493,1,1,-1.079271009,1.136786877
612,61.85931312,637.7183698,749.5005417,2,1,-0.329777253,1.136786877
613,36.42716514,824.7389232,935.594307,2,1,-0.329777253,1.136786877
614,104.9039922,326.3648382,895.2847403,1,0,-1.079271009,-0.878792692
615,61.28832564,132.6607533,1190.389708,1,0,-1.079271009,-0.878792692
616,38.41955247,408.9152258,1080.525573,4,1,1.16921026,1.136786877
617,114.1997558,415.9087845,1081.368425,1,0,-1.079271009,-0.878792692
618,25.87393485,809.5765398,921.371158,1,0,-1.079271009,-0.878792692
619,28.84903478,548.9089416,1061.238357,2,0,-0.329777253,-0.878792692
620,24.99368261,852.5693957,971.3923959,2,1,-0.329777253,1.136786877
621,124.1844793,365.5860438,844.5612589,1,0,-1.079271009,-0.878792692
622,50.71777181,739.0222727,852.0819709,2,0,-0.329777253,-0.878792692
623,0.089316967,997.359562,571.5552836,1,0,-1.079271009,-0.878792692
624,13.82414026,937.5456039,967.3876727,1,0,-1.079271009,-0.878792692
625,176.1810484,230.4043259,1159.333779,1,0,-1.079271009,-0.878792692
626,101.2259969,384.5999277,1244.28083,1,0,-1.079271009,-0.878792692
627,106.2532327,654.2105119,804.2090834,2,1,-0.329777253,1.136786877
628,29.6226499,662.5979368,1155.961242,1,0,-1.079271009,-0.878792692
629,148.5877364,164.0506499,1054.486325,2,1,-0.329777253,1.136786877
630,15.62869985,468.1408093,1187.309892,1,0,-1.079271009,-0.878792692
631,28.02412446,885.7054875,711.5732164,1,0,-1.079271009,-0.878792692
632,344.6850739,30.37714374,1254.977898,4,1,1.16921026,1.136786877
633,57.06578561,695.756,823.9620483,1,0,-1.079271009,-0.878792692
634,48.41855708,541.4424062,833.9551019,1,0,-1.079271009,-0.878792692
635,48.59633271,165.7535009,792.9953478,3,0,0.419716504,-0.878792692
636,32.11369921,688.6562806,1041.02908,4,1,1.16921026,1.136786877
637,325.2812945,21.77856304,1377.441219,3,0,0.419716504,-0.878792692
638,5.656902219,922.3926833,804.6318827,1,1,-1.079271009,1.136786877
639,340.2184873,12.89437011,1638.94085,4,1,1.16921026,1.136786877
640,29.97515876,310.112004,1163.549439,2,0,-0.329777253,-0.878792692
641,219.927027,23.76949949,1129.237096,5,1,1.918704016,1.136786877
642,205.6603969,40.94091852,1277.87374,3,1,0.419716504,1.136786877
643,35.33536079,365.0136383,1135.077386,3,0,0.419716504,-0.878792692
644,49.77698564,421.2247588,961.2177921,5,1,1.918704016,1.136786877
645,122.6861847,268.3372197,802.8798862,4,1,1.16921026,1.136786877
646,261.5337511,23.11311469,1363.342811,4,1,1.16921026,1.136786877
647,34.25045924,643.8744102,910.6010505,1,0,-1.079271009,-0.878792692
648,97.26784133,176.5761095,1141.223661,5,1,1.918704016,1.136786877
649,67.66592124,442.3561383,844.4654511,1,0,-1.079271009,-0.878792692
650,79.79645721,768.8959362,843.595397,1,0,-1.079271009,-0.878792692
651,63.00103851,313.9178333,968.4682985,1,0,-1.079271009,-0.878792692
652,270.389363,125.3372987,1189.119516,5,1,1.918704016,1.136786877
653,24.75084746,765.0283927,1032.183753,1,0,-1.079271009,-0.878792692
654,19.76170874,540.7872712,955.6821647,1,0,-1.079271009,-0.878792692
655,82.02916829,325.1429951,1128.243915,5,1,1.918704016,1.136786877
656,41.82628246,731.6373696,656.1045104,1,0,-1.079271009,-0.878792692
657,126.6899885,211.3658822,1042.709068,2,0,-0.329777253,-0.878792692
658,45.11104756,625.9946907,1178.334778,3,1,0.419716504,1.136786877
659,149.5908023,100.8316598,1301.282125,2,0,-0.329777253,-0.878792692
660,292.7940419,165.4498545,1187.94737,2,1,-0.329777253,1.136786877
661,167.380047,29.16344087,1312.642774,3,1,0.419716504,1.136786877
662,78.2932774,362.8625145,1136.949196,3,1,0.419716504,1.136786877
663,12.17466972,521.7972069,1022.360132,5,1,1.918704016,1.136786877
664,27.31600004,673.6509103,843.8872701,2,0,-0.329777253,-0.878792692
665,80.6146159,164.9108188,1352.161902,2,0,-0.329777253,-0.878792692
666,6.141711896,767.187358,1098.999668,3,1,0.419716504,1.136786877
667,131.6094865,266.6666204,1272.36485,1,1,-1.079271009,1.136786877
668,49.92494201,590.9722277,748.5405549,1,0,-1.079271009,-0.878792692
669,164.0571067,190.5800714,1393.510538,1,1,-1.079271009,1.136786877
670,88.85008674,297.5048755,1050.203632,4,1,1.16921026,1.136786877
671,20.82658954,959.595136,924.9108884,2,0,-0.329777253,-0.878792692
672,348.7846287,125.0779653,1345.012956,3,1,0.419716504,1.136786877
673,70.12847991,467.79035,1214.221161,5,1,1.918704016,1.136786877
674,56.02955396,416.5080538,921.8415644,5,1,1.918704016,1.136786877
675,50.77258057,777.729262,784.0428676,3,1,0.419716504,1.136786877
676,207.3177401,68.59612442,1127.736187,2,1,-0.329777253,1.136786877
677,17.84080131,771.9274765,718.1646434,1,0,-1.079271009,-0.878792692
678,22.3034857,773.1246394,1180.120963,1,1,-1.079271009,1.136786877
679,39.68175185,747.6854605,1081.605583,2,1,-0.329777253,1.136786877
680,152.748919,727.2027873,921.210958,1,0,-1.079271009,-0.878792692
681,87.45746266,236.1662519,910.9817949,5,1,1.918704016,1.136786877
682,9.028601367,979.6071383,645.7558413,1,0,-1.079271009,-0.878792692
683,117.7356603,243.937921,799.8145241,4,0,1.16921026,-0.878792692
684,11.16202716,684.1042942,824.3141589,3,0,0.419716504,-0.878792692
685,22.09216369,487.9518062,1073.868613,3,1,0.419716504,1.136786877
686,178.4241532,518.7293127,1180.693954,5,1,1.918704016,1.136786877
687,23.12291744,661.6379763,757.4941246,1,1,-1.079271009,1.136786877
688,77.04893516,425.371482,1091.830117,1,1,-1.079271009,1.136786877
689,0.255036266,963.1780668,571.4757104,1,0,-1.079271009,-0.878792692
690,6.267105219,730.0875454,828.8309321,2,0,-0.329777253,-0.878792692
691,18.49408523,693.1720303,757.613129,4,0,1.16921026,-0.878792692
692,247.3600252,108.3793457,1244.257629,5,1,1.918704016,1.136786877
693,30.21633232,530.2533055,1118.807224,2,0,-0.329777253,-0.878792692
694,5.396949699,985.7854928,904.8819072,3,1,0.419716504,1.136786877
695,113.468057,376.2725825,1104.754537,1,0,-1.079271009,-0.878792692
696,6.022248163,566.4480487,846.3599027,1,1,-1.079271009,1.136786877
697,71.64679759,234.7880747,1210.991114,2,0,-0.329777253,-0.878792692
698,5.405983728,746.3957507,763.3213214,2,0,-0.329777253,-0.878792692
699,451.7956124,20.47298376,1395.579253,3,0,0.419716504,-0.878792692
700,193.9369118,50.08435993,1238.048659,4,0,1.16921026,-0.878792692
701,45.41023707,660.5648518,774.7703958,1,0,-1.079271009,-0.878792692
702,238.1430285,185.7757859,1087.143379,2,0,-0.329777253,-0.878792692
703,35.23066469,207.5380901,1058.237877,4,0,1.16921026,-0.878792692
704,12.32546891,580.4409321,934.3090296,1,0,-1.079271009,-0.878792692
705,88.33061288,203.312138,1036.808117,1,0,-1.079271009,-0.878792692
706,10.86628886,586.1594708,971.0107411,1,0,-1.079271009,-0.878792692
707,23.88989486,854.6398525,874.2370933,1,0,-1.079271009,-0.878792692
708,28.22317961,640.6672921,1121.113553,2,0,-0.329777253,-0.878792692
709,387.00286,12.13126018,1350.852852,2,0,-0.329777253,-0.878792692
710,147.1098938,162.4079485,993.946478,3,0,0.419716504,-0.878792692
711,90.04503063,430.0173853,1106.133776,4,0,1.16921026,-0.878792692
712,58.4085604,878.2245419,980.3319509,1,0,-1.079271009,-0.878792692
713,212.2780121,185.2150243,1196.447948,3,0,0.419716504,-0.878792692
714,41.40794456,501.0623709,1259.774413,2,0,-0.329777253,-0.878792692
715,85.92477001,362.2729779,930.2824932,1,0,-1.079271009,-0.878792692
716,42.71528807,683.9790955,1027.930203,3,0,0.419716504,-0.878792692
717,72.8770735,425.8212203,964.353392,2,0,-0.329777253,-0.878792692
718,186.753403,218.9881838,1084.653387,1,1,-1.079271009,1.136786877
719,210.8075868,137.2848364,1359.342747,5,1,1.918704016,1.136786877
720,52.25101896,353.7191021,1031.811953,5,1,1.918704016,1.136786877
721,71.29754537,465.864719,1133.450248,4,1,1.16921026,1.136786877
722,219.7779728,156.1504597,1288.392484,5,1,1.918704016,1.136786877
723,15.45559045,908.7331132,702.9016201,1,0,-1.079271009,-0.878792692
724,17.93512851,528.7025454,918.7385833,2,0,-0.329777253,-0.878792692
725,9.89538025,767.0927632,1179.731402,5,1,1.918704016,1.136786877
726,76.99979734,628.1479583,1183.217298,2,0,-0.329777253,-0.878792692
727,154.406744,665.7700554,970.3298802,2,0,-0.329777253,-0.878792692
728,46.84349131,658.8852526,1000.399827,4,0,1.16921026,-0.878792692
729,60.38832118,612.6442781,948.1249043,2,0,-0.329777253,-0.878792692
730,42.88171606,794.519598,857.4397225,1,1,-1.079271009,1.136786877
731,5.107194397,960.0793612,765.7997376,1,0,-1.079271009,-0.878792692
732,26.64458176,423.854248,847.8856294,1,0,-1.079271009,-0.878792692
733,224.0287058,59.75029664,1215.913245,4,1,1.16921026,1.136786877
734,122.8283128,283.8915476,1174.092562,2,0,-0.329777253,-0.878792692
735,18.3593179,846.0200246,868.8833062,2,0,-0.329777253,-0.878792692
736,276.6993662,36.68628576,1148.152074,2,0,-0.329777253,-0.878792692
737,9.193764926,890.8810217,840.0256572,1,0,-1.079271009,-0.878792692
738,18.4758411,663.2008781,904.1335755,1,0,-1.079271009,-0.878792692
739,88.55393518,524.7724052,931.5363921,3,0,0.419716504,-0.878792692
740,55.38514024,702.8261443,1050.347816,3,1,0.419716504,1.136786877
741,117.9019511,274.8917598,1140.055745,4,1,1.16921026,1.136786877
742,71.30840899,359.8670371,980.8658552,2,0,-0.329777253,-0.878792692
743,20.22598276,914.5535815,717.908689,1,1,-1.079271009,1.136786877
744,220.07822,189.1069572,922.740342,3,1,0.419716504,1.136786877
745,151.6519345,249.2012767,1387.198135,4,0,1.16921026,-0.878792692
746,155.6178402,459.1737014,1022.34174,5,1,1.918704016,1.136786877
747,270.931028,30.45580511,1042.097161,4,1,1.16921026,1.136786877
748,110.8277487,862.9260185,915.5501275,1,0,-1.079271009,-0.878792692
749,18.91224778,700.8822576,783.7606476,3,0,0.419716504,-0.878792692
750,270.6102807,78.88776951,1242.800895,5,1,1.918704016,1.136786877
751,4.157706,950.1601629,463.1341971,1,0,-1.079271009,-0.878792692
752,17.88177685,830.9643601,1097.971732,3,1,0.419716504,1.136786877
753,153.1015068,677.6608151,1013.04143,2,1,-0.329777253,1.136786877
754,63.49748672,476.0322302,964.6302211,1,1,-1.079271009,1.136786877
755,67.06334195,692.1607272,949.4442529,2,1,-0.329777253,1.136786877
756,134.2255792,172.0753024,1183.57032,2,0,-0.329777253,-0.878792692
757,281.2173242,223.6854614,1137.269506,4,1,1.16921026,1.136786877
758,94.60205329,420.893471,874.1385704,3,0,0.419716504,-0.878792692
759,29.63558831,576.2562849,817.1025304,2,0,-0.329777253,-0.878792692
760,81.33238298,106.9298964,1196.344331,5,1,1.918704016,1.136786877
761,90.6762579,563.238697,1062.350415,3,0,0.419716504,-0.878792692
762,13.50110515,813.5586953,975.0637109,4,0,1.16921026,-0.878792692
763,67.02469419,546.7560156,972.7979732,1,0,-1.079271009,-0.878792692
764,21.01786986,191.3799007,1189.279996,2,0,-0.329777253,-0.878792692
765,91.20523111,222.4028955,923.6072132,5,1,1.918704016,1.136786877
766,86.02713584,184.0995283,1143.931706,2,0,-0.329777253,-0.878792692
767,262.7717526,132.8536721,992.3066859,3,1,0.419716504,1.136786877
768,19.78088208,909.9147741,1109.602658,3,1,0.419716504,1.136786877
769,1.196032339,911.6969976,816.1321859,1,0,-1.079271009,-0.878792692
770,8.608038397,891.5399218,929.3880322,4,1,1.16921026,1.136786877
771,108.1526411,628.6070044,901.7999909,1,1,-1.079271009,1.136786877
772,83.13714118,645.0210992,970.8005097,2,1,-0.329777253,1.136786877
773,0.855564643,975.894465,537.8090423,1,0,-1.079271009,-0.878792692
774,205.3987658,49.14476447,1354.529021,4,0,1.16921026,-0.878792692
775,396.5023484,30.23216625,1325.198916,2,0,-0.329777253,-0.878792692
776,102.2846707,565.4466916,1092.18199,3,1,0.419716504,1.136786877
777,8.546615695,904.4401102,594.3726591,1,1,-1.079271009,1.136786877
778,61.74739278,281.4581526,1205.175311,4,0,1.16921026,-0.878792692
779,72.78743701,320.0078147,1180.809025,3,1,0.419716504,1.136786877
780,13.87710153,915.9073581,1020.54074,2,0,-0.329777253,-0.878792692
781,202.4059572,65.74052008,1240.600643,4,1,1.16921026,1.136786877
782,67.74324371,259.2849853,1134.679917,3,0,0.419716504,-0.878792692
783,22.56694748,891.2666528,1018.560082,1,0,-1.079271009,-0.878792692
784,35.30303232,596.4144046,786.8265483,3,1,0.419716504,1.136786877
785,13.42357907,682.743006,938.0380987,1,0,-1.079271009,-0.878792692
786,36.32442984,659.7716305,932.6805766,1,1,-1.079271009,1.136786877
787,13.21107809,950.7238037,825.5393481,1,0,-1.079271009,-0.878792692
788,11.65831473,846.5888082,1099.118857,3,1,0.419716504,1.136786877
789,36.98656454,796.3249584,772.5815324,2,0,-0.329777253,-0.878792692
790,60.5099551,317.3384529,964.8850984,1,0,-1.079271009,-0.878792692
791,0.955183254,974.6486915,616.6731868,1,0,-1.079271009,-0.878792692
792,69.69425204,506.7622357,1048.815771,3,0,0.419716504,-0.878792692
793,423.3290419,14.86786707,1240.343515,5,1,1.918704016,1.136786877
794,1.621270874,991.656726,692.0083112,1,0,-1.079271009,-0.878792692
795,85.88293249,175.3051991,1228.378993,4,0,1.16921026,-0.878792692
796,7.574485452,731.5517459,888.2276431,3,0,0.419716504,-0.878792692
797,32.47976028,412.4832353,905.8928839,5,0,1.918704016,-0.878792692
798,55.74015162,435.935789,892.4469249,2,0,-0.329777253,-0.878792692
799,0.232078396,998.9434495,580.7366901,1,0,-1.079271009,-0.878792692
800,12.37377682,668.4393262,889.5768563,2,0,-0.329777253,-0.878792692
801,72.03947803,503.3366612,730.4333805,2,1,-0.329777253,1.136786877
802,21.41125322,667.4848271,1148.045159,1,0,-1.079271009,-0.878792692
803,250.5376903,234.5711518,1116.502089,3,0,0.419716504,-0.878792692
804,10.81714536,710.1154058,663.760533,1,0,-1.079271009,-0.878792692
805,112.108267,243.9044224,1258.791707,3,1,0.419716504,1.136786877
806,133.3235973,490.3574264,1134.549818,4,0,1.16921026,-0.878792692
807,183.5399904,376.2415832,839.8578906,1,0,-1.079271009,-0.878792692
808,227.270225,220.0685483,945.3526231,5,1,1.918704016,1.136786877
809,12.12395237,841.2552028,925.6428502,5,1,1.918704016,1.136786877
810,36.83782009,615.1590208,1027.928279,3,1,0.419716504,1.136786877
811,30.84838491,573.7165285,648.8342936,2,1,-0.329777253,1.136786877
812,64.7252409,366.4982464,875.9347512,4,1,1.16921026,1.136786877
813,29.9986345,819.2773307,528.9847177,1,0,-1.079271009,-0.878792692
814,29.42482236,884.4198778,724.7230662,1,1,-1.079271009,1.136786877
815,91.79593891,338.4761497,865.7096453,2,1,-0.329777253,1.136786877
816,178.0004999,147.0199481,1205.50192,4,1,1.16921026,1.136786877
817,57.08878169,902.807432,1014.224915,1,1,-1.079271009,1.136786877
818,41.38046776,300.9060092,1016.755456,3,1,0.419716504,1.136786877
819,184.256781,186.6034509,1131.026356,3,0,0.419716504,-0.878792692
820,42.42060709,522.3160258,741.8139362,2,0,-0.329777253,-0.878792692
821,9.769387845,958.0543532,835.8904843,2,0,-0.329777253,-0.878792692
822,142.0923818,259.5046796,1288.641426,5,1,1.918704016,1.136786877
823,71.62944902,673.038024,890.3858455,5,1,1.918704016,1.136786877
824,60.25559507,913.0958049,965.7937594,1,0,-1.079271009,-0.878792692
825,228.4215169,43.94364327,1046.419449,3,0,0.419716504,-0.878792692
826,44.89133146,327.4957154,950.7290971,3,0,0.419716504,-0.878792692
827,118.2565545,120.2028562,1026.384973,5,1,1.918704016,1.136786877
828,18.76338426,640.1519569,858.8640093,4,1,1.16921026,1.136786877
829,73.83332629,451.0121299,1041.916116,1,0,-1.079271009,-0.878792692
830,45.95956443,479.8901084,1256.239533,3,0,0.419716504,-0.878792692
831,64.55708744,455.9798266,1178.428292,1,0,-1.079271009,-0.878792692
832,109.2320547,521.557787,1237.054671,3,1,0.419716504,1.136786877
833,191.0713202,372.4696785,1031.792248,1,1,-1.079271009,1.136786877
834,32.44110472,418.3899559,1270.865378,2,1,-0.329777253,1.136786877
835,106.7145645,224.2568958,1142.870721,5,1,1.918704016,1.136786877
836,164.1901848,155.725423,1430.254506,5,1,1.918704016,1.136786877
837,5.199328345,774.8819126,978.3807936,1,0,-1.079271009,-0.878792692
838,23.30999022,756.7789615,1060.469355,2,0,-0.329777253,-0.878792692
839,62.52225711,559.4978389,1120.957065,1,1,-1.079271009,1.136786877
840,138.3433271,444.5577524,1045.598018,4,1,1.16921026,1.136786877
841,27.71144112,260.3484125,1190.380361,3,1,0.419716504,1.136786877
842,132.7505541,465.4895337,1130.666083,3,1,0.419716504,1.136786877
843,11.72655311,815.8360327,858.640771,1,0,-1.079271009,-0.878792692
844,46.48111892,486.1552895,1236.478522,1,0,-1.079271009,-0.878792692
845,79.21737676,56.65862962,1339.052257,4,0,1.16921026,-0.878792692
846,1.818317841,990.414991,504.0806348,1,1,-1.079271009,1.136786877
847,12.33836465,958.3147725,1067.324516,1,0,-1.079271009,-0.878792692
848,0.396649665,997.281256,395.0630467,3,0,0.419716504,-0.878792692
849,41.6768765,716.7921001,840.4768215,3,1,0.419716504,1.136786877
850,49.20576127,462.0753938,1097.474685,4,1,1.16921026,1.136786877
851,86.29718085,203.2501138,1208.046626,4,0,1.16921026,-0.878792692
852,45.59946302,420.3140161,1002.120904,1,0,-1.079271009,-0.878792692
853,116.1269948,133.5962943,1228.657266,4,0,1.16921026,-0.878792692
854,5.919343369,828.8070004,923.1496503,2,0,-0.329777253,-0.878792692
855,31.86109988,898.2662444,856.6726786,1,0,-1.079271009,-0.878792692
856,92.60402918,330.5771549,833.0308533,3,0,0.419716504,-0.878792692
857,16.45104371,773.7723912,883.0299909,1,1,-1.079271009,1.136786877
858,6.727096827,873.8857971,679.0794752,1,0,-1.079271009,-0.878792692
859,82.20650815,619.8841303,1001.339737,3,0,0.419716504,-0.878792692
860,55.16149955,732.3934784,1132.987113,1,1,-1.079271009,1.136786877
861,86.0384922,326.763765,1020.349794,1,0,-1.079271009,-0.878792692
862,82.91619119,362.1894481,899.7926914,1,0,-1.079271009,-0.878792692
863,69.67218499,427.6857611,1010.57929,5,1,1.918704016,1.136786877
864,16.08928336,716.8624116,1107.682831,1,0,-1.079271009,-0.878792692
865,33.69251266,823.2897273,878.3269882,4,1,1.16921026,1.136786877
866,68.70213845,450.53465,1016.702505,1,0,-1.079271009,-0.878792692
867,117.2270935,363.3719151,938.2928624,4,1,1.16921026,1.136786877
868,276.6137001,440.6126293,811.0171535,4,1,1.16921026,1.136786877
869,245.313594,191.2892703,1246.03151,4,1,1.16921026,1.136786877
870,8.285389966,727.1869692,983.951842,1,0,-1.079271009,-0.878792692
871,251.0660317,262.2018372,1104.735163,1,0,-1.079271009,-0.878792692
872,28.02995124,708.4328182,897.7559926,1,0,-1.079271009,-0.878792692
873,110.2947042,411.6916012,1333.868683,1,0,-1.079271009,-0.878792692
874,40.06416755,386.9151252,1142.06751,4,1,1.16921026,1.136786877
875,0.463833852,994.4976262,623.6908513,1,1,-1.079271009,1.136786877
876,13.80965059,857.4897836,961.4021005,4,1,1.16921026,1.136786877
877,93.32306067,409.7191894,1089.686179,4,0,1.16921026,-0.878792692
878,164.0296721,82.43383989,1077.537228,4,1,1.16921026,1.136786877
879,7.856897156,936.8641278,866.5750763,3,0,0.419716504,-0.878792692
880,40.90551217,454.6257533,1227.109965,1,0,-1.079271009,-0.878792692
881,45.78003833,568.3326657,1151.513884,3,0,0.419716504,-0.878792692
882,31.89765509,543.4704817,1053.396484,2,1,-0.329777253,1.136786877
883,189.724331,63.47030098,1116.33092,5,1,1.918704016,1.136786877
884,205.3571032,218.4638585,1088.075226,1,0,-1.079271009,-0.878792692
885,17.08037994,686.1864358,1009.629498,1,0,-1.079271009,-0.878792692
886,7.757382894,452.4624951,803.1199504,3,0,0.419716504,-0.878792692
887,264.2361437,126.9152664,1330.153564,5,1,1.918704016,1.136786877
888,8.744467551,958.557848,618.9413568,1,0,-1.079271009,-0.878792692
889,48.03399764,831.746866,961.6407135,2,0,-0.329777253,-0.878792692
890,59.39407889,269.4155204,1029.400773,3,1,0.419716504,1.136786877
891,101.6289814,380.4780793,1076.698377,5,1,1.918704016,1.136786877
892,29.25793963,549.8052254,708.3529708,1,0,-1.079271009,-0.878792692
893,187.4321831,357.6942654,981.2459883,2,0,-0.329777253,-0.878792692
894,49.31041147,157.5706899,1280.909104,5,1,1.918704016,1.136786877
895,77.40888985,649.4190193,917.5080444,1,1,-1.079271009,1.136786877
896,18.80546545,813.6858028,683.5123816,1,0,-1.079271009,-0.878792692
897,24.4717944,857.485317,820.8160227,3,1,0.419716504,1.136786877
898,1.223409526,728.2443754,827.9787198,1,0,-1.079271009,-0.878792692
899,133.1792425,204.6076735,1211.747589,2,0,-0.329777253,-0.878792692
900,180.331051,147.1629058,1263.623884,5,1,1.918704016,1.136786877
901,227.9083886,125.4622516,1289.252982,2,1,-0.329777253,1.136786877
902,10.56356188,780.9069749,764.3270113,1,0,-1.079271009,-0.878792692
903,33.67928887,831.6201764,734.3916765,2,1,-0.329777253,1.136786877
904,88.26109442,307.3612483,1240.228938,4,0,1.16921026,-0.878792692
905,46.14834824,437.1085868,667.8365872,1,0,-1.079271009,-0.878792692
906,4.425790994,638.39437,882.4090725,3,0,0.419716504,-0.878792692
907,78.28210116,886.0212073,870.6821718,3,1,0.419716504,1.136786877
908,69.78858059,487.2991187,1001.439258,2,0,-0.329777253,-0.878792692
909,201.1547814,284.6813829,1358.820583,1,0,-1.079271009,-0.878792692
910,16.50576939,851.0964899,945.9075674,3,0,0.419716504,-0.878792692
911,1.98538594,982.5106579,743.1079464,1,0,-1.079271009,-0.878792692
912,24.11674953,971.5044048,723.3773956,1,0,-1.079271009,-0.878792692
913,31.82881728,636.7464484,754.8510574,1,0,-1.079271009,-0.878792692
914,211.3159327,286.4048293,1125.173059,3,1,0.419716504,1.136786877
915,77.90602452,268.1589305,904.9538019,2,0,-0.329777253,-0.878792692
916,66.22227379,101.25903,1021.567018,1,0,-1.079271009,-0.878792692
917,66.18013145,710.2987686,1091.729678,4,0,1.16921026,-0.878792692
918,162.7728489,544.3237384,1115.901404,4,1,1.16921026,1.136786877
919,49.07113156,176.5690707,1036.928248,1,1,-1.079271009,1.136786877
920,73.74696943,282.2348164,1038.344282,3,1,0.419716504,1.136786877
921,318.3026649,27.15438136,1085.867268,3,1,0.419716504,1.136786877
922,64.20689606,643.4070199,1014.783986,1,0,-1.079271009,-0.878792692
923,156.1113303,189.0853617,1172.447732,1,0,-1.079271009,-0.878792692
924,28.44500224,613.9183845,797.533229,2,1,-0.329777253,1.136786877
925,15.85809622,593.2297898,855.5723972,4,0,1.16921026,-0.878792692
926,149.1300963,489.2424687,1094.0858,3,0,0.419716504,-0.878792692
927,165.182439,433.14302,1248.562734,2,1,-0.329777253,1.136786877
928,12.49702832,918.4702037,659.4141162,1,0,-1.079271009,-0.878792692
929,25.16799065,581.8374329,1220.939511,4,1,1.16921026,1.136786877
930,297.7570519,124.263594,1302.675311,4,0,1.16921026,-0.878792692
931,94.67497585,668.4825699,1172.337341,1,1,-1.079271009,1.136786877
932,137.8444534,108.3602861,1035.575215,4,0,1.16921026,-0.878792692
933,247.1251135,56.15236678,1258.825537,2,1,-0.329777253,1.136786877
934,65.75281973,881.7149695,753.414102,2,1,-0.329777253,1.136786877
935,462.9392595,110.1169866,1316.98229,2,0,-0.329777253,-0.878792692
936,104.5771156,300.5996909,1347.774637,4,1,1.16921026,1.136786877
937,153.2593287,14.09875499,1138.428064,5,1,1.918704016,1.136786877
938,8.485413782,976.0002884,761.3098971,2,0,-0.329777253,-0.878792692
939,12.25678785,985.175104,912.4276958,1,1,-1.079271009,1.136786877
940,39.01834549,260.7177905,902.5321392,3,0,0.419716504,-0.878792692
941,22.06227516,757.8788421,1120.546555,1,1,-1.079271009,1.136786877
942,64.30961243,460.2855362,1025.970798,3,1,0.419716504,1.136786877
943,97.95961672,193.8670015,1163.999957,3,0,0.419716504,-0.878792692
944,42.33040698,466.1175253,935.3217376,3,0,0.419716504,-0.878792692
945,276.4608714,105.9707772,1083.418415,2,0,-0.329777253,-0.878792692
946,140.5343683,350.0661136,867.9408296,3,1,0.419716504,1.136786877
947,40.08645667,733.4252227,1136.042786,3,1,0.419716504,1.136786877
948,10.60217502,827.8863831,820.8401686,1,0,-1.079271009,-0.878792692
949,54.8088377,861.5003234,1005.688107,1,1,-1.079271009,1.136786877
950,0.306993257,998.2891607,591.3186956,1,0,-1.079271009,-0.878792692
951,62.40782262,528.2738853,975.2295854,1,0,-1.079271009,-0.878792692
952,4.528658071,792.9867227,735.4784811,1,0,-1.079271009,-0.878792692
953,113.152833,561.1114034,956.7797803,5,1,1.918704016,1.136786877
954,25.76259403,476.9183681,885.9366748,4,0,1.16921026,-0.878792692
955,34.76137467,245.0402537,1145.202976,4,1,1.16921026,1.136786877
956,32.90471345,905.1437979,774.0960234,1,0,-1.079271009,-0.878792692
957,21.80663396,970.2763017,889.1622803,1,1,-1.079271009,1.136786877
958,77.06166692,415.7445935,1046.557224,1,0,-1.079271009,-0.878792692
959,66.36788754,591.2824716,954.7496069,1,0,-1.079271009,-0.878792692
960,117.2597535,655.033811,1119.98554,1,1,-1.079271009,1.136786877
961,103.3891357,862.6570897,1037.773164,2,1,-0.329777253,1.136786877
962,119.9669965,149.6357818,1135.748178,2,1,-0.329777253,1.136786877
963,157.3728155,202.4436426,1094.179805,4,1,1.16921026,1.136786877
964,94.68625779,291.4000781,1185.539613,2,1,-0.329777253,1.136786877
965,57.12706557,430.7381644,1270.15529,1,0,-1.079271009,-0.878792692
966,68.29672522,500.4201381,874.1583655,4,1,1.16921026,1.136786877
967,122.560442,494.5668919,585.1458361,4,1,1.16921026,1.136786877
968,70.14743453,382.6535598,1005.129202,2,0,-0.329777253,-0.878792692
969,28.94951104,655.0824337,1106.133255,1,0,-1.079271009,-0.878792692
970,78.16070972,397.3920871,1041.387462,5,1,1.918704016,1.136786877
971,38.7176882,556.3853795,976.4864198,2,0,-0.329777253,-0.878792692
972,252.1500408,36.48045688,1454.031445,4,1,1.16921026,1.136786877
973,121.4739414,99.45088968,1314.093102,5,1,1.918704016,1.136786877
974,106.6861811,225.1541811,931.90449,2,0,-0.329777253,-0.878792692
975,40.10711143,695.146973,1059.01322,1,1,-1.079271009,1.136786877
976,363.0434594,33.22367733,1293.865872,3,0,0.419716504,-0.878792692
977,124.7702798,281.4763509,1279.644667,3,1,0.419716504,1.136786877
978,8.103996972,964.5133874,676.5540748,1,0,-1.079271009,-0.878792692
979,199.7698789,257.7013206,860.9610649,4,1,1.16921026,1.136786877
980,1.837505891,929.4623569,956.9425684,1,0,-1.079271009,-0.878792692
981,43.35702399,673.1355428,795.9806724,2,1,-0.329777253,1.136786877
982,260.1079928,404.9370739,1104.303855,4,1,1.16921026,1.136786877
983,10.26528773,744.1204559,874.9628836,1,0,-1.079271009,-0.878792692
984,70.12202227,247.0980955,1118.55049,4,1,1.16921026,1.136786877
985,198.2777904,112.8871671,1218.727322,3,1,0.419716504,1.136786877
986,65.1180173,319.960179,1046.896095,3,0,0.419716504,-0.878792692
987,83.39548916,237.7620138,1201.515652,3,1,0.419716504,1.136786877
988,80.00123461,178.1232341,1321.353187,3,1,0.419716504,1.136786877
989,137.773498,200.044739,973.6095064,5,1,1.918704016,1.136786877
990,405.0248326,8.792645145,1291.247986,5,1,1.918704016,1.136786877
991,171.4242904,436.3370414,1230.169729,1,0,-1.079271009,-0.878792692
992,188.0494807,307.8379164,1079.909132,1,0,-1.079271009,-0.878792692
993,132.4310537,118.108878,1156.190057,3,0,0.419716504,-0.878792692
994,16.59133678,773.1313742,920.339165,1,0,-1.079271009,-0.878792692
995,136.5763644,292.794722,996.6757238,3,0,0.419716504,-0.878792692
996,4.93820663,950.0781777,885.9303441,1,0,-1.079271009,-0.878792692
997,30.2383715,913.4341784,1022.104382,2,1,-0.329777253,1.136786877
998,61.17737433,221.3522193,1142.820446,5,1,1.918704016,1.136786877
999,88.18398971,114.8016684,1187.179748,5,1,1.918704016,1.136786877
1000,258.0825733,101.791451,1288.956899,1,0,-1.079271009,-0.878792692